Ticker,Outstanding_Shares,Price
BRK.B,2204915743,322.23
JNJ,3120017304,161.81
V,2099716811,233.06
TSM,5184351315,89.72
XOM,4069589667,113.81
UNH,932796748,487.03
JPM,2921285083,140.38
WMT,2695147049,150.63
NVO,2249407619,164.59
PG,2358996425,151.06
LLY,952247645,371.50
MA,945937962,372.35
CVX,1894618436,168.91
HD,1012094080,299.32
MRK,2537651395,113.94
ABBV,1764359261,161.22
KO,4326914044,63.87
ORCL,2699641047,94.72
BAC,7999331774,29.93
BABA,2587730727,92.10
PFE,5642803692,40.09
BHP,3606823721,61.55
TMO,385399522,565.05
MCD,731513903,291.30
SHEL,3423441071,61.26
NVS,2119212023,98.48
CRM,1000251496,198.81
ABT,1737992445,111.18
NKE,1536481719,124.72
TM,1356721213,133.83
DHR,728801936,247.90
LIN,492168856,364.57
DIS,1826113546,98.11
ACN,631483365,275.32
FMX,1789644691,95.41
UPS,856750293,196.51
WFC,3833333333,41.52
NEE,2023718439,78.42
VZ,4199408761,37.21
TTE,2452241407,63.13
MS,1671699361,90.74
PM,1553711340,97.00
RTX,1462615459,102.85
SAP,1167112089,127.22
BMY,2102860445,69.22
HSBC,3994137353,35.82
RY,1390002004,99.82
UL,2525064504,54.26
BUD,1983696480,65.63
HDB,1859413028,69.85
T,7145658263,17.85
LOW,596355526,210.73
LMT,254541382,491.04
BA,599155308,208.36
UNP,610681039,204.10
COP,1211754369,102.43
AXP,743930745,159.41
BP,2950455005,39.56
SPGI,327874397,354.77
DE,296320916,391.13
IBM,906732503,127.59
CAT,516467267,223.17
SYK,379021537,300.88
PLD,923450790,123.45
SONY,1234736154,91.72
TD,1829153859,61.81
GS,333659086,337.68
MDT,1330151533,83.81
BX,1202903261,92.31
RIO,1621788284,68.11
GE,1089994972,99.45
ELV,237613036,452.29
DEO,563775647,186.67
BLK,150243186,694.94
SCHW,1777313216,55.01
AMT,466016134,207.01
C,1946645109,49.48
NOW,203702517,468.33
CVS,1280141844,73.32
EL,357259190,257.88
TJX,1152853347,79.03
MMC,494442272,179.03
EQNR,3110056259,28.44
CB,414208456,203.40
CNI,667693555,123.35
MO,1786617262,45.88
BTI,2236268286,36.23
PGR,585169614,137.96
ZTS,462389634,174.42
MUFG,12098484848,6.60
ENB,2024860477,39.42
SO,1088849217,72.82
PBR,6522438611,11.81
IBN,3490428441,21.94
CI,297064442,256.51
BSX,1437830688,52.92
CP,931000493,81.16
DUK,769646315,98.11
HCA,277215330,271.63
GSK,2047579984,36.57
TGT,460060542,161.87
BDX,283877920,259.83
SLB,1425886456,51.61
PBR.A,6919886899,10.61
NOC,153051544,474.35
ITW,304875452,234.85
INFY,4632598530,14.97
EOG,587962565,116.47
AON,205156715,332.77
WM,406708090,165.77
AMX,3160957297,21.31
VALE,4448666667,15.00
ABB,1860874503,35.22
CNQ,1099194361,59.58
ETN,398590254,163.15
APD,222112065,292.51
BMO,706881533,91.84
UBER,2013919646,31.61
SAN,16310256410,3.90
RELX,1902781932,33.43
UBS,3107142857,20.44
CL,832346361,75.99
GD,274623458,227.73
SCCO,773280358,80.54
TRI,472085074,131.65
SHOP,1276362130,48.27
HUM,124994878,488.10
BNS,1191697670,51.07
ICE,559514994,108.04
SHW,258034188,234.00
KKR,1122241087,53.01
FCX,1431126148,41.38
EPD,2173553719,26.62
MMM,551401869,104.86
FDX,251163195,229.97
SMFG,6723203769,8.49
CCI,433260564,128.26
OXY,897108706,61.91
MCO,183204844,302.23
STLA,3141477273,17.60
MPC,441588598,124.89
VMW,428437500,128.00
HSY,204260410,259.13
EW,605917023,86.53
USB,1530683811,34.22
PXD,233494580,223.26
TAK,3120048019,16.66
BN,1566555992,33.13
NGG,735586481,70.42
GIS,587374199,87.44
PNC,399936392,125.77
PSA,175799965,285.95
RACE,181650246,276.08
E,1675947669,29.81
CMG,49760000000,1
SRE,314649439,157.89
AZO,24710000000,2
ITUB,9809145129,5.03
EMR,570847851,86.10
MCK,136909280,355.71
NSC,227646865,212.61
LVS,762941919,63.36
MSI,167244969,288.20
ANET,306400974,156.07
DG,219146006,217.80
MET,774479252,60.97
ROP,106222983,444.16
ING,3615975422,13.02
D,835285765,56.34
KMB,337268735,138.91
PSX,460690741,101.63
ECL,284817838,164.14
GM,1394736842,33.44
SNOW,325064817,142.71
F,3914261460,11.78
APH,595377224,77.01
ABEV,15743944637,2.89
VLO,367863304,121.73
SE,566848308,78.91
TFC,1327494062,33.68
BBVA,5991935484,7.44
ADM,546472978,81.23
AJG,214074827,206.61
CTVA,712666019,61.74
MSCI,80079018,546.71
HES,306196926,142.49
RSG,316206395,137.60
HMC,1665641814,26.02
BCE,912217767,47.39
STM,901677149,47.70
WDS,1896980462,22.52
TRP,1022875030,41.53
STZ,184366364,227.97
TRV,232091373,180.36
TDG,54569293,762.70
HLN,4617614270,8.97
PH,128147092,322.52
SPG,373902814,110.51
TWTR,765176909,53.70
AFL,611987382,66.57
O,660331384,61.56
TT,229022369,176.14
JCI,687180361,58.66
SU,1321850394,30.48
TEL,315988349,127.03
A,295761150,135.65
LYG,16556016598,2.41
BSBR,7453007519,5.32
DOW,707893324,55.87
NUE,251334520,157.36
PUK,1372093023,28.81
CM,911512625,43.17
HLT,266285870,147.06
ET,3093354430,12.64
KMI,2247243180,17.23
MFG,12672131148,3.05
YUM,279912664,137.40
PCG,2278436019,16.88
AIG,733652008,52.30
LHX,189944965,201.69
NEM,794472153,48.12
SYY,507520817,74.46
WELL,496159958,75.52
CARR,835155030,44.83
SQ,601866752,62.14
DHI,343427835,108.64
IQV,186113208,198.75
WCN,257485030,143.62
CRH,742759453,49.72
COF,382621319,96.44
APO,570470845,64.14
CNC,550580431,66.33
NTR,499517574,72.55
WMB,1218918919,29.60
MFC,1849434738,19.46
BK,800223714,44.70
DVN,654097443,53.57
ALC,491637386,71.15
MPLX,1001158413,34.53
MTD,34300000000,1
OTIS,412940749,82.53
KR,717322669,47.51
ED,346568927,98.22
GOLD,1756350441,19.29
CVE,1909399773,17.66
GWW,50316821,667.57
ORAN,2660047657,12.59
CMI,141553680,234.54
ABC,202316367,164.05
VICI,1004236006,33.05
FIS,592433208,55.77
AMP,105187733,314.01
PPG,235352887,140.13
RMD,146897199,223.83
NWG,4777292576,6.87
DD,459141765,70.61
LEN,284453856,113.34
PEG,498750000,64.00
PRU,366992524,86.95
CHT,776232308,40.98
DELL,730529235,43.27
AME,230410380,137.19
QSR,452854671,69.36
ROK,114723523,273.44
ALL,263500380,118.33
LYB,325979620,95.19
BF.A,475153374,65.20
WEC,315762220,96.56
TU,1437825059,21.15
HAL,904121864,33.48
BCS,3884967320,7.65
FNV,191854791,153.71
HPQ,984944798,29.89
OKE,447473201,65.30
VEEV,159737058,182.55
ZBH,209679746,138.64
AWK,194655718,148.57
GLW,846721796,33.86
APTV,270929903,105.71
GPN,263803115,108.49
SLF,587252475,48.48
TLK,990880393,28.51
BBD,10647727273,2.64
CPNG,1773968254,15.75
FERG,205239532,135.89
EIX,382587201,72.82
DLR,291310316,94.71
ES,349000127,78.51
DFS,259287777,103.90
WST,74311800,361.45
YUMC,418070203,63.53
KEYS,178038739,148.17
URI,69420570,378.13
AEM,457958752,56.73
SPOT,193753745,133.52
TEF,5765765766,4.44
ARES,296731418,85.97
RBLX,611084337,41.50
WIT,5703619910,4.42
STT,336375839,74.50
EFX,123269939,200.86
RCI,507195724,48.64
IFF,255006258,95.88
PWR,145126613,167.44
AVB,139927415,173.59
IT,79058224,306.23
EQR,392631066,61.61
TECK,506185783,47.69
ZTO,807273963,29.42
NOK,5572104019,4.23
GPC,140805457,167.11
PKX,303629084,77.43
DASH,391558225,59.94
GIB,238842470,98.14
AEE,262449529,89.16
FTV,352967830,66.21
DTE,206106195,113.00
FE,572662226,40.53
MT,787219579,29.42
ETR,212034910,108.85
ALB,117305931,196.58
VMC,132859043,172.89
K,342478008,67.07
WY,732651103,31.27
EC,2053057554,11.12
MKC,267943146,85.13
NU,4681069959,4.86
UDR,549673677,41.37
SQM,285714286,79.10
DAL,642897889,35.06
IR,405093011,55.37
BEKE,1247772829,17.96
WPM,452332657,49.30
CBRE,309902371,71.70
DB,2037683824,10.88
MLM,61960586,355.71
CHD,244007989,90.12
HIG,312393405,70.36
BAX,505415994,43.39
HRL,546549561,39.85
TSN,355347462,60.87
FTS,484410303,44.26
ARE,172878348,123.96
EXR,142221927,150.68
PPL,737044818,28.56
MTB,167919399,125.06
UMC,2500601685,8.31
HUBS,49221628,420.75
RJF,215282115,96.06
DOV,139752818,147.26
HEI,119974249,170.87
HEI.A,150834688,135.38
CAH,257571933,79.24
INVH,612128490,33.31
LH,88521739,230.00
NET,330352788,61.51
ELP,2737127371,7.38
CLX,123529049,162.31
TDY,47016190,424.96
IX,229814385,86.20
BEP,642392718,30.76
CTRA,765533411,25.59
CNHI,1339041096,14.60
ROL,492914980,39.52
NVR,3864000000,5
LUV,594377510,32.37
PINS,684229263,28.09
CNP,630834977,30.42
RTO,503816794,37.99
HPE,1296070461,14.76
COO,49454129,383.79
GRMN,191350469,98.04
XYL,180764774,103.56
OMC,201361132,92.57
STE,99272041,185.45
DRI,120903132,151.03
MKL,18150000000,1
PAYC,60289255,299.39
PBA,550061050,32.76
WAB,179820180,100.10
SUI,129097182,139.12
CMS,291748206,61.32
VTR,400134348,44.66
HWM,411628980,43.34
CAG,477046980,37.25
RKT,1987668161,8.92
WAT,59041700,299.28
RF,934287228,18.87
KOF,210016734,83.66
FICO,25127286,697.25
MAA,116654390,149.33
PLTR,2105326877,8.26
BRO,283803863,60.57
TS,590323703,28.73
MGM,372683142,45.32
TRGP,226546772,74.51
UWMC,3100185529,5.39
PKI,126389834,132.21
BR,117725800,141.94
WRB,263382959,63.14
ATO,144551003,114.70
SNAP,1580769231,10.40
AMCR,1485067873,11.05
PHG,881246642,18.61
IEX,75468225,217.31
EPAM,57684863,284.13
BALL,314611079,51.81
BIP,457030149,35.49
SJM,106506151,152.01
CPB,299333580,54.02
RCL,255423595,63.15
AES,669445602,23.99
MOH,58251017,275.36
BBY,217929533,73.51
FDS,38329368,416.13
DGX,111867499,142.49
FLT,73529412,216.24
LW,143666606,109.42
AGR,386419753,40.50
ASX,2182960894,7.16
TYL,41815209,373.07
LYV,231765406,67.18
OWL,1405258386,11.03
IRM,290564622,53.31
WPC,214157085,72.19
FMC,125172610,123.11
EBR,2306766917,6.65
MGA,285876777,52.75
MOS,331781915,45.12
MRO,623073719,24.01
WLK,127569892,116.25
RS,58730285,252.34
UI,60386277,245.42
J,126737460,115.83
RE,39184786,374.38
AVY,81150373,179.42
CF,196089009,74.15
BG,149984474,96.61
KB,383779486,37.73
IPG,385028173,37.27
PHM,224310777,63.84
ESS,66713648,212.85
CFG,484116022,28.96
TXT,203582350,68.67
NIO,1671052632,8.36
GFI,891388175,15.56
SNA,53119114,260.17
CHWY,426488834,32.24
AMH,413180861,33.23
SHG,504987071,27.07
BIO,29426993,463.52
SNN,436814958,31.02
TME,1695106650,7.97
AVTR,674174174,19.98
VIV,1674563591,8.02
BEN,500372578,26.84
ELS,195588235,68.00
L,230957801,57.11
AER,238430947,55.32
BLDR,138079714,95.09
BAH,132326100,98.62
SYF,436870383,29.78
WSO,38839019,334.20
BAM,396630934,32.65
GFL,369160218,34.89
FMS,586946600,21.91
WPP,214826021,59.49
IP,349136750,36.49
PKG,89926533,141.56
DECK,26315244,482.61
LDOS,137076707,92.43
DKS,85644205,146.77
TFX,47031004,266.42
TAP,216727399,57.63
HUBB,53592969,232.12
TRU,193162393,64.35
CCL,1303890641,9.51
H,106406733,116.44
BURL,65104991,189.54
DT,288988658,42.32
SWK,152988347,79.81
IHG,173975351,69.78
ACI,572727273,20.90
TPL,11940000000,1
CE,110769517,107.34
EQT,360390601,32.77
GGG,167947623,70.26
KIM,619399051,18.97
NI,413028169,28.40
GDDY,153503018,76.22
NMR,3000000000,3.87
PEAK,546396609,21.23
ACM,139012375,83.23
MAS,225014611,51.33
IOT,524307133,22.01
DPZ,35436714,324.24
WTRG,264024108,43.14
BWA,233806292,48.63
MMP,203144542,55.97
CPT,106746852,106.42
LSI,84928410,132.70
CSL,51099553,219.18
AU,418413174,26.72
REXR,196621136,55.64
CCJ,432475248,25.25
TWLO,187296137,58.25
KEY,925233645,11.77
JBL,132658042,81.94
U,374741201,28.98
TTC,104272684,104.15
UHAL,178125000,60.80
SCI,153232697,70.22
CNA,270148130,39.83
COTY,853057983,12.59
RPM,128826990,83.29
RYAN,259645717,41.21
CRBG,647486372,16.51
KMX,157840237,67.60
AGL,414453125,25.60
BAP,79750451,133.04
GL,96544808,109.69
RBA,181865107,58.12
FND,106505295,99.15
TEVA,1262275449,8.35
SUZ,1307692308,8.06
AFG,85144485,122.85
PEN,38163474,273.56
CDAY,152604549,68.15
TFII,86636561,119.58
ONON,316529178,32.73
BJ,133947095,77.12
AOS,150879765,68.20
QGEN,227777778,45.00
TPR,235892692,43.24
CUBE,224669604,45.40
BCH,504970179,20.12
JHX,444786626,22.73
WES,384820748,26.22
CRL,51162081,196.63
MTN,40336339,246.18
JNPR,321139527,30.89
RDY,166051041,59.56
FHN,536492375,18.36
PAG,69067379,142.18
EMN,119059225,82.06
FNF,272342825,35.47
PFGC,156183630,61.21
CCK,120055430,79.38
UHS,70020594,135.96
OSH,243896171,38.91
NLY,493994778,19.15
AGCO,74766355,126.26
TOST,527079844,17.91
EQH,358944954,26.16
LII,35479832,263.53
RGA,66509670,140.13
KNX,161105318,57.54
OC,90686515,102.11
AEG,2069351230,4.47
KEP,1283333333,7.20
PAC,50495646,182.59
DAR,159930314,57.40
VST,381348876,24.02
ALLE,87828758,104.18
ARMK,260336470,35.07
RNR,43669795,208.84
VIPS,585852090,15.55
PNW,113311607,79.78
OVV,242937853,37.17
ASR,29985610,298.81
VFC,388621444,22.85
BKI,156652361,55.92
DCP,208602151,41.85
RRX,66225669,131.52
CLF,515097691,16.89
USFD,231821841,37.27
PNR,164665523,52.47
GGB,1694117647,5.10
PATH,558937824,15.44
DINO,192781887,44.61
BSMX,1352201258,6.36
SNX,94275354,91.01
CX,1450084602,5.91
SSL,634873323,13.42
CHE,15007477,561.72
HII,39982905,210.59
YPF,731070496,11.49
BSAC,470654628,17.72
TX,196292776,42.08
G,183728207,44.74
BXP,156704981,52.20
DLB,95914534,85.18
BILL,106471816,76.64
XPEV,863057325,9.42
UNM,197563946,41.05
ICL,1290734824,6.26
NRG,232163406,34.76
RHI,107768418,74.79
WEX,43170862,186.70
WSM,65645871,122.78
BBWI,228898426,34.95
CLH,54871760,145.43
LEA,59151371,134.57
SKM,393728223,20.09
FRT,81521179,97.03
WWE,74437011,106.13
COLD,270112975,29.21
WRK,254439780,30.97
YMM,1107193230,7.09
ALV,85782975,91.51
IVZ,454492754,17.25
SKX,155339806,50.47
ALLY,300691244,26.04
KBR,136347765,57.28
NNN,182136194,42.88
INSP,29112082,267.93
ATR,65363316,119.18
CTLT,180027804,43.16
FBIN,127132546,60.96
DCI,121245307,63.92
RL,66034512,117.06
WHR,54509274,140.71
AAP,59290383,128.52
EDU,170293920,44.57
GPK,307411908,24.69
VOYA,98215449,76.77
PCOR,140324687,53.59
ORI,296955318,25.29
DVA,90416566,83.06
EME,47727995,157.35
CIB,265885694,28.17
PSO,715789474,10.45
HR,380928098,19.61
OGE,199892675,37.27
KNSL,23132005,321.20
CAE,317792985,23.38
WCC,51231940,143.27
EGP,44151307,166.02
OLN,130807720,55.96
JEF,233567326,31.34
UGI,209663503,34.77
NVT,165714286,43.75
CACI,23477219,308.81
AA,178254438,40.56
ST,152674984,47.29
WOLF,124417601,57.95
PSTG,302686818,23.82
NOV,393640351,18.24
EDR,291409782,24.33
BERY,121456794,58.21
TOL,110726644,63.58
BLD,31728814,221.25
AXTA,220992728,31.63
CIEN,149167734,46.86
STVN,264873058,26.39
ITT,82838832,84.26
FR,132190476,52.50
PLNT,89430894,77.49
MTZ,78758950,87.99
INGR,65967588,104.90
DOCS,193783254,35.71
BYD,101845018,67.75
SEE,144451463,47.49
WMS,81145301,84.17
THC,102368106,66.72
SBS,705699482,9.65
WBS,174436475,39.04
CFR,64277588,105.48
FCN,33946748,199.43
HESM,239872068,28.14
AR,295904888,22.71
CW,38336285,175.03
STN,110815750,60.19
GLOB,42469802,155.64
SF,106634304,61.80
RLI,45539613,144.27
CHH,51465389,127.27
PRI,36528916,179.31
TIMB,483013294,13.54
SBSW,707608696,9.20
ARW,57588376,112.87
WF,242990654,26.75
NYT,163888889,39.60
GME,304676429,21.17
ADT,922746781,6.99
TPX,172100481,37.42
RBC,29082673,220.75
CIG,2648760331,2.42
JLL,47537823,134.84
VMI,21329232,299.12
HLI,68678347,92.46
GNRC,61908017,102.41
PAAS,364896074,17.32
NYCB,682953312,9.21
CNM,246456693,25.40
SITE,44903522,139.41
KGC,1227450980,5.10
GWRE,81611300,76.46
NVST,163222600,38.23
WFG,81299752,76.63
MHK,63740536,97.74
AN,46840877,132.79
OHI,234186747,26.56
RRC,240898528,25.82
PII,56993392,108.96
AIZ,52968817,117.05
EHC,99709584,61.98
GXO,118777628,52.03
SON,97933227,62.90
BRX,300487805,20.50
BC,71196660,86.24
CWEN,198441052,30.79
MDU,203554661,29.82
ADC,90096798,67.15
CLVT,675223214,8.96
AQUA,122519239,49.38
LAD,27573948,219.41
OGN,254008439,23.70
STAG,179425837,33.44
LEVI,395902181,15.13
TREX,108584940,54.98
CMA,131410962,45.43
MGY,278504673,21.40
BLCO,350176263,17.02
X,227012591,26.21
MUSA,21790083,273.06
SLGN,110038968,53.89
VVV,172002328,34.36
WH,86224564,68.31
MTDR,119230769,49.40
FAF,103248464,56.95
PR,562679426,10.45
KT,512259194,11.42
BWXT,91449117,63.97
CPRI,125726588,46.45
GIL,179969183,32.45
FTI,441332324,13.21
GMED,100328095,57.91
MUR,156207918,37.13
ESTC,96483919,60.01
SMAR,132342857,43.75
FLO,211886305,27.09
HXL,84301898,67.97
BEPC,172133614,33.23
CMC,116899098,48.76
SAIC,54177360,105.21
CSAN,466776046,12.19
TKR,72624984,78.21
ASH,54245735,104.34
IDA,50672929,110.71
DXC,227734852,24.59
STWD,320343840,17.45
CIVI,80172414,69.60
ALK,127489128,43.69
IGT,199713159,27.89
UNVR,157462475,35.31
TIXT,273399015,20.30
NEP,88942308,62.40
AQN,687810945,8.04
PB,91299323,60.57
SWN,1101796407,5.01
RH,22034374,249.61
GTLS,42779079,128.10
PVH,62635978,87.33
FOUR,82952816,65.70
NCLH,421378776,12.91
WTS,33314791,161.79
MNSO,316098707,17.02
HOG,144277270,37.22
AIRC,149125243,36.01
EXP,36000809,148.33
SRC,141157811,37.83
DDS,16768197,318.46
AIT,38539407,138.30
NSA,138657648,38.44
HGTY,587973274,8.98
ATKR,39448920,132.83
FSK,281401617,18.55
POST,58896676,88.46
HGV,112361983,46.19
ALIT,556866953,9.32
NJR,96918768,53.55
WK,53079209,97.59
MSA,39236560,131.51
VAC,37007761,139.16
OSK,65430060,78.71
AMG,35806519,143.27
AYI,31817900,161.23
TRNO,82780922,61.85
HRB,152147971,33.52
BROS,168208857,30.26
MSM,55861007,90.94
ELF,53288577,95.33
ORA,59641678,84.84
HUN,183532826,27.57
DV,165517241,30.45
NFG,91769847,54.92
AGI,394366197,12.78
APG,234498834,21.45
ATI,128578732,39.12
NE,134946237,37.20
NEWR,68951280,72.66
TNET,59587653,83.91
S,288773148,17.28
ORCC,391030685,12.71
CWAN,297362110,16.68
RHP,55049945,90.10
MMS,60728745,81.51
MPW,597826087,8.28
SSD,42735043,115.83
DNB,434898140,11.29
AM,478431373,10.20
BIPC,110682694,44.09
SNDR,178127286,27.34
FIX,35701141,135.85
PRGO,135172798,35.88
NSP,38204017,126.95
M,272522523,17.76
AXS,85159011,56.60
PSN,104643558,45.87
RYN,147222222,32.40
BRBR,133595285,35.63
EVR,38626958,123.23
ENLC,470355731,10.12
PHI,216697080,21.92
ELAN,492227979,9.65
MSGS,23875485,198.53
MTH,36826534,128.44
VRT,378836834,12.38
OMF,120990874,38.35
PBF,128762542,35.88
DTM,96869090,47.59
DEN,49870186,92.44
XPO,115172759,39.94
KRG,219151977,20.99
TRTN,54807692,83.20
AJRD,80693683,56.51
SNV,145840026,31.13
VAL,75202915,60.37
THG,35596157,126.98
POR,89377725,50.46
ESNT,108121096,41.62
TDOC,163503650,27.40
RIG,722580645,6.20
OGS,55417803,80.66
INFA,283895608,15.71
ATCO,287467700,15.48
CXT,90723335,48.94
HOMB,203304268,21.79
ABG,21667729,203.99
ESI,241115364,18.29
CR,56422723,78.16
LPX,72000000,61.25
BFAM,57795875,76.13
AL,110942249,39.48
FLS,131216297,33.38
WNS,48200726,90.87
COHR,130175752,33.57
LPL,715460526,6.08
LU,2284210526,1.90
MP,177795985,24.41
HE,109533469,39.44
TMHC,108406524,39.85
JHG,165834933,26.05
SID,1474402730,2.93
SKY,56998940,75.44
BKH,66316278,64.69
TAL,650000000,6.60
ALSN,92122256,46.46
HAE,50453849,84.83
CC,148936170,28.67
SQSP,135066582,31.54
TKC,874743326,4.87
WAL,109620841,38.77
THO,53366897,79.45
FLR,142186452,29.82
VNT,155571901,27.19
LEG,132977051,31.81
MODG,185087719,22.80
GBCI,110847815,37.98
FNB,361757106,11.61
PNM,85924714,48.88
AB,113642528,36.87
CBT,56389452,73.95
MTG,289824561,14.25
TDC,102269893,40.09
KEX,60029283,68.30
WU,374311927,10.90
RLX,1545454545,2.64
CPG,547043011,7.44
SWX,71378464,57.02
GOL,1598425197,2.54
R,46575657,87.17
W,110437896,36.31
AZEK,150695227,26.61
MAXR,75639810,52.75
SMG,55891877,71.03
AMC,798792757,4.97
GATX,35272112,112.27
YOU,153279007,25.77
ONTO,48663299,81.17
LTHM,179580675,21.94
MLI,57060101,69.05
SAM,12270513,320.28
ASGN,49382716,79.38
BOX,144440340,27.07
EVH,110826939,35.19
RITM,483830846,8.04
CABO,5724966,679.48
FL,93381468,41.55
ASAN,214444444,18.00
FHI,89351852,43.20
BMI,29315465,131.33
STR,155214228,24.74
HHC,50006528,76.59
MAN,50876727,75.28
CADE,182425979,20.94
HL,607028754,6.26
UAA,422691880,8.99
UA,466830467,8.14
TGNA,223203769,16.98
ENIC,1373188406,2.76
SUN,84168337,44.91
WTM,3780000000,1
HP,104345419,36.13
GTES,282477341,13.24
INST,143130501,26.13
BE,207107163,18.01
ADNT,95348240,38.91
ATHM,125512996,29.24
ALE,57281099,64.07
ZWS,175934803,20.86
SR,52540913,69.66
BTU,144778481,25.28
AYX,70479492,51.93
RDN,156989247,23.25
PAM,103566334,35.05
EPRT,149278351,24.25
IRT,224426534,16.13
AVNT,91184643,39.59
FUL,53912784,66.96
LNC,169332079,21.26
KRC,117014342,30.68
NEU,9689609,370.50
FRO,222498446,16.09
AMN,41095890,86.87
KMPR,64035874,55.75
SIG,45218493,78.95
DOC,248256625,14.34
APLE,228239845,15.51
AMTD,2107142857,1.68
ENV,54004577,65.55
STNG,59989832,59.01
SEM,126978417,27.80
ESAB,60146533,58.69
CPA,39476627,89.42
CS,3911111111,0.90
GPS,368200837,9.56
IBP,28416451,123.52
NNI,37261791,93.93
EURN,202195263,17.31
KWR,18082902,193.00
ASAI,268668206,12.99
CNMD,30494217,114.12
FN,36647009,94.96
KBH,82420200,41.98
OI,155515371,22.12
DAVA,56971514,60.03
SEAS,64008984,53.43
CXM,265783320,12.83
JBT,31775701,107.00
BSM,209517923,16.18
GOLF,66916700,50.66
BDC,42944008,78.94
YETI,86699254,38.87
ENS,40717402,82.52
DQ,74916388,44.85
GEF.B,42335397,79.13
GEF,52442079,63.88
PWSC,159808612,20.90
LTH,194509346,17.12
AWR,36991780,90.02
WHD,79418078,41.93
SM,120333454,27.59
QS,439735099,7.55
MANU,163214990,20.28
TFPM,200242718,16.48
AVA,75325268,43.81
AWI,45504688,72.52
NOMD,174443266,18.86
SPR,104807692,31.20
DOCN,97090261,33.68
SUM,119021541,27.39
GPI,14207411,228.05
CWT,55603523,57.91
KD,227561837,14.15
KOS,459885387,6.98
CUZ,151701323,21.16
BAK,412903226,7.75
AGO,59183673,53.90
HI,69408181,45.96
VNO,206092029,15.43
MAIN,79508402,39.87
AEL,84668803,37.44
SXT,42300507,74.94
ERF,216438356,14.60
BNL,197747184,15.98
NCR,140124555,22.48
MOG.A,31882591,98.80
MOG.B,32284598,97.26
PFSI,50023897,62.77
HRI,29124407,107.47
UNF,18636499,167.95
PD,91466978,34.22
CHPT,350168350,8.91
ENOV,54355401,57.40
FSS,60878049,51.25
WOR,49760000,62.50
UGP,1087719298,2.85
CALX,66124545,46.73
BXMT,171970966,17.91
TEX,67381317,45.71
TNL,77620968,39.68
AVAL,1171755725,2.62
BCO,46713329,65.72
LAZ,86956522,35.19
CRK,277425204,11.03
PBH,49585433,61.51
SPXC,45570763,66.49
JXN,82311256,36.69
EPR,75386920,40.06
CNS,49097708,61.51
IHS,332594235,9.02
OR,184275184,16.28
PAGS,329646018,9.04
VSH,140028289,21.21
GNW,490099010,6.06
GBTG,464062500,6.40
ROG,18655779,159.20
LAC,150972364,19.54
TR,67030220,44.01
ERJ,183354193,15.98
THS,56055099,52.27
MDC,73195104,40.03
TGS,281703775,10.33
NTCO,686320755,4.24
PJT,39509537,73.40
ACA,48514353,59.57
ESMT,166570272,17.29
LCII,25303110,113.82
BUR,219062260,13.01
CCU,184535413,15.39
GHC,4788494,591.00
AIN,31205205,90.69
TV,565130261,4.99
LXP,293013556,9.59
CVI,100358423,27.90
ABM,65975495,42.44
CRC,71028513,39.28
NOG,85425597,32.66
SPB,40978774,67.84
TEO,546168959,5.09
TPH,101588474,27.07
IFS,115546218,23.80
RNG,96899225,28.38
HMY,617117117,4.44
ASB,150662252,18.12
IBA,49963262,54.44
BHC,363636364,7.48
DY,29303234,92.14
BCC,39723407,67.97
ITGR,33250927,80.90
SFBS,54515867,49.16
CRI,37890570,70.73
JWN,159880240,16.70
REZI,146542261,18.22
OUT,164910105,16.13
MC,63957682,41.59
NGVT,37171604,71.56
DNA,2070312500,1.28
MCW,307068366,8.63
PK,222222222,11.88
AEO,195393759,13.46
BOWL,170890188,15.39
MYOV,97108970,26.98
CEQP,105475040,24.84
CNX,167841127,15.61
KTB,55508475,47.20
CBZ,50552005,51.63
KFY,52291540,49.53
KSS,110778443,23.38
DEI,205741627,12.54
BRC,49615385,52.00
CBU,53817272,47.94
FRC,186097031,13.81
OFC,112571178,22.83
CNO,114864865,22.20
HASI,90909091,27.94
VSCO,77918078,32.47
ZIM,120171674,20.97
JOBY,626566416,3.99
ESE,25879917,96.60
MATX,36069831,69.31
JKS,50271466,49.73
AI,112714157,22.18
ARNC,99203187,25.10
PIPR,17771751,140.11
SITC,209419680,11.89
DEA,178417266,13.90
AUB,75265554,32.95
SSTK,35812672,68.97
AMR,15182248,162.69
LGF.A,218472469,11.26
BB,581560284,4.23
PRMW,159844055,15.39
AKO.B,157622739,15.48
APAM,68462402,35.64
NABL,181750187,13.37
AMK,73995128,32.84
ARCH,18749516,129.07
HIW,105148342,22.92
SJW,30877643,78.05
JOE,58309038,41.16
GMS,41247834,57.70
SHAK,42213551,56.38
GKOS,47791894,49.59
HAYW,212556054,11.15
FG,126001068,18.73
CHGG,126344086,18.60
TAC,266818700,8.77
MTRN,20477816,114.27
EE,108283202,21.61
WEBR,286945813,8.12
HIMS,208633094,11.12
ITCB,649859944,3.57
ENR,71208385,32.44
CRS,48539609,47.59
WD,33410808,68.84
CPK,17796083,128.68
LBRT,175384615,13.00
WMK,26915358,84.71
TDW,50466874,44.98
AX,59989429,37.84
KW,138161899,16.43
EQC,109714838,20.69
AGTI,134124629,16.85
KAI,11701076,192.29
EPC,51405072,43.77
AMRC,51887885,43.17
MAC,223330010,10.03
SCL,22282718,99.18
RXO,116587175,18.87
TCN,272277228,8.08
FCPT,86004691,25.58
AKO.A,178137652,12.35
GETY,396739130,5.52
BOOT,29801777,73.15
FUN,52078356,41.86
HEP,127113703,17.15
TGLS,47776310,45.42
NHI,43356082,49.82
AMBP,595567867,3.61
WLY,55398093,38.81
CCS,32084763,67.01
LUMN,1004672897,2.14
ALG,12021797,178.01
ZETA,208373905,10.27
BMA,115926327,18.46
MWA,156457565,13.55
TROX,156804734,13.52
KMT,80761905,26.25
EVTC,65150584,32.54
CWK,227467811,9.32
VET,162182936,13.01
DKL,43559042,48.44
DAN,144131778,14.57
USAC,98066950,21.21
CEIX,34482759,60.32
MSGE,34500000,60.00
XPRO,108890058,19.01
FSLY,125151883,16.46
BTE,544973545,3.78
LSPD,150805271,13.66
CPE,61713601,33.38
NPO,20846044,98.34
YELP,69585879,29.46
CSTM,143966126,14.17
NUS,49889949,40.89
DOOR,22241605,91.72
ETRN,433760684,4.68
B,50598205,40.12
FBP,179396092,11.26
NOVA,115626789,17.47
SIX,83402147,24.22
EGO,185151237,10.91
VGR,156589147,12.90
BVN,254108723,7.91
SHO,208722741,9.63
VIST,92678406,21.58
SKT,105124142,18.93
HLIO,32622951,61.00
SLVM,42630677,46.68
CNK,121026895,16.36
AG,274373259,7.18
INSW,49073610,39.94
HCC,51989390,37.70
GOOS,104925054,18.68
BOH,39894158,49.13
ABR,179889299,10.84
EVEX,269337017,7.24
TRN,80922432,23.85
CTRE,99228792,19.45
MTX,32464256,59.45
ETWO,301886792,6.36
SAVE,109142857,17.50
ESTE,140441176,13.60
HTH,64988091,29.39
IIPR,27928855,68.03
DBRG,161977835,11.73
AIR,34761817,54.37
MIR,226233454,8.31
SAH,35504082,52.67
ERO,92300099,20.26
FLNG,53556003,34.73
CAAP,163157895,11.40
SAFE,64035999,28.89
CEPU,309364548,5.98
MHO,27635927,66.58
NEX,233206591,7.89
CRGY,166817770,11.03
USM,84848485,21.45
SGHC,498622590,3.63
WGO,30527914,59.29
ZIP,104988399,17.24
FORG,88249634,20.51
AESI,100499722,18.01
UE,122795115,14.74
ATGE,45443070,39.61
PEB,125795053,14.15
XPOF,54584483,32.61
TALO,127063891,13.93
SDRL,50028265,35.38
SAND,298305085,5.90
NXE,487534626,3.61
CVII,172074730,10.17
HTGC,136932707,12.78
NAPA,115231788,15.10
HBI,350100604,4.97
OII,100346021,17.34
BKE,50334594,34.37
PHR,53329223,32.44
GRBK,46022878,37.59
BNRE,52030075,33.25
NS,110610932,15.55
MCY,55252168,31.13
VZIO,195454545,8.80
MSC,193002257,8.86
EAT,44038115,38.83
FTCH,395833333,4.32
DRH,210396040,8.08
NWN,35948403,47.29
ESRT,271405493,6.19
RFP,76642336,21.92
EVA,74172185,22.65
OXM,15834119,106.10
BRDG,156660413,10.66
ARCO,210062893,7.95
GVA,43705836,38.21
VRTV,13514614,122.83
RLJ,161132812,10.24
BORR,229050279,7.16
LRN,43248945,37.92
GFF,57213057,28.49
FNA,88490771,18.42
RES,217158177,7.46
DHT,162790698,9.89
CMTG,139032815,11.58
JBGS,114777618,13.94
PGTI,60468632,26.46
SLG,64646465,24.75
CGAU,218106996,7.29
CTOS,246489860,6.41
ELME,87513935,17.94
RVLV,73261783,21.43
BKU,74301940,21.13
TGH,43720412,35.91
COUR,150527325,10.43
INT,62052506,25.14
GTY,46630566,33.24
VRE,100129199,15.48
UNFI,59546677,26.03
SBH,107317073,14.35
MEI,35949248,42.56
SPNT,162420382,9.42
IVT,67375887,22.56
AROC,156153051,9.67
GPOR,18856144,80.08
ENVA,31616415,47.76
RAMP,64460679,23.27
GSBD,109249818,13.73
KN,91575092,16.38
BBUC,72753906,20.48
VSTO,56589442,26.33
LOMA,222891566,6.64
DK,66938037,22.11
KNTK,48804781,30.12
FSR,320261438,4.59
CLS,121487603,12.10
OEC,60147300,24.44
KAR,108550186,13.45
PARR,60833333,24.00
KEN,53211009,27.25
XHR,113993711,12.72
TSLX,81690141,17.75
EVRI,88468578,16.39
HLF,98976109,14.65
CVNA,177558570,8.11
SXI,11986016,120.14
UTZ,81126761,17.75
AGM,10603829,135.80
COMP,456869010,3.13
LVWR,194293478,7.36
AGM.A,12448855,114.87
IAG,478114478,2.97
CNNE,76139410,18.65
HBM,261510129,5.43
CTS,31710585,44.78
VLRS,121888412,11.65
LTC,41288433,34.15
AVNS,46534653,30.30
KRP,88567839,15.92
TNK,33918691,41.57
EPAC,57072972,24.53
FDP,47732697,29.33
DFH,93395597,14.99
RYI,35452013,39.49
BBU,74626866,18.76
FBK,46807088,29.91
AAT,77092511,18.16
RCUS,72774869,19.10
SWI,163145540,8.52
AKR,103886398,13.38
ALEX,72698745,19.12
BFH,50180505,27.70
SEMR,141393443,9.76
LNN,10968775,124.90
QTWO,57587222,23.79
CODI,71953782,19.04
ECVT,120386643,11.38
FVRR,37746323,36.03
PFS,75555556,18.00
HMN,40601504,33.25
USPH,13062975,102.58
CDE,353562005,3.79
JBI,146768894,9.13
TWO,96681097,13.86
ARI,141350211,9.48
UVV,24597744,54.07
NOAH,78884935,16.86
CMP,41032017,32.17
WWW,79279279,16.65
HKD,193265007,6.83
VVX,30903515,42.39
ATUS,458041958,2.86
PRIM,53104575,24.48
PRO,45871560,28.34
BRFS,1074380165,1.21
SHCO,204081633,6.37
CIM,231597846,5.57
NTB,49787727,25.91
DFIN,29324847,43.99
OSCR,216442953,5.96
GEL,123209169,10.47
EAF,257028112,4.98
SSU,387878788,3.30
CARS,66252588,19.32
MODN,37433155,33.66
TNC,18543243,67.41
NBHC,37701429,32.89
LZB,43070511,28.79
WRBY,115779645,10.71
MLNK,80571800,15.39
OLO,161458333,7.68
MMI,39315155,31.54
USNA,19347792,64.09
PX,116257089,10.58
ANF,49094567,24.85
FCF,102866779,11.86
CMRE,122000000,10.00
PBT,46725393,26.11
OFG,47768207,25.54
IONQ,199013158,6.08
DAC,20278197,59.67
MD,82990398,14.58
DOLE,94976452,12.74
AIV,150497512,8.04
PRG,48236725,24.67
BFS,32800441,36.28
SFL,126338330,9.34
ZUO,135632184,8.70
PRM,159244265,7.41
TDS,113135187,10.43
DNOW,110694184,10.66
GNL,103448276,11.31
DDD,130580357,8.96
LADR,125950054,9.21
TUYA,557692308,2.08
NVRO,35747304,32.45
PL,275534442,4.21
OMI,75957728,15.14
EIG,27033380,42.54
RC,110679612,10.30
TDCX,145593870,7.83
NXRT,25635260,44.47
HLX,151474531,7.46
MATV,55202736,20.47
DO,101527403,11.13
YEXT,122559653,9.22
STC,27487229,41.11
MOD,52020437,21.53
WDH,380952381,2.94
BGS,72211476,15.51
GES,55527764,19.99
GRND,173708920,6.39
SBR,14582239,76.12
HNI,41697971,26.62
IMAX,53988327,20.56
FSM,290575916,3.82
WNC,48031155,23.11
NTST,62500000,17.60
FINV,284595300,3.83
FIGS,166158537,6.56
ASIX,27428284,39.74
NVGS,76002815,14.21
LOB,44334975,24.36
NBR,9433962,113.42
KRO,115426106,9.27
ATEN,73816156,14.36
PMT,88851635,11.93
MED,10858431,97.62
JELD,85089141,12.34
CXW,114879650,9.14
SA,80246914,12.96
GB,189090909,5.50
AHH,88210348,11.79
BHLB,44406490,23.42
MFA,101761252,10.22
BRCC,212244898,4.90
PGRE,231981982,4.44
ARGO,35034014,29.40
GLP,34015852,30.28
FBRT,83333333,12.36
DIN,15534572,65.66
MBC,128950695,7.91
FREY,139502762,7.24
PAY,124231242,8.13
PRA,54213634,18.63
RGR,17528484,57.05
GOTU,258397933,3.87
GIC,37950664,26.35
AZZ,24913449,39.63
GEO,124411097,7.93
SPCE,280252841,3.52
CLB,46667298,21.13
UAN,10568438,93.15
ARR,192103516,5.12
BSIG,41460593,23.60
CWH,44466576,21.99
SPH,63447849,15.34
PSFE,61247788,15.82
BHVN,68308616,14.16
WT,149188854,6.46
DRQ,34171836,28.05
ALX,5113043,186.30
GBX,31879906,29.81
SCS,114021635,8.32
SII,26039047,36.11
SLCA,77138866,12.17
UTL,16101978,58.15
MEG,29876157,31.33
TARO,37284631,25.05
BBAR,204237363,4.55
CHCT,26079088,35.53
DRD,85988837,10.75
GENI,214955607,4.28
WOW,85832554,10.69
WTTR,126883333,7.20
IRS,157324138,5.80
HY,17166825,52.63
LMND,69461835,12.97
SPLP,21667470,41.50
CSR,16022047,55.79
RSKD,172701550,5.16
KIND,373739496,2.38
APGB,86250000,10.28
UMH,59641026,14.82
GDOT,52179122,16.86
AGRO,109108209,8.04
DDL,216595000,4.00
PLYM,43073595,20.11
LPG,40350443,21.43
LICY,176502049,4.88
NEXA,132438272,6.48
PAR,27211545,31.53
EB,99518086,8.57
BALY,45922869,18.54
VTLE,18039061,46.85
HPP,140944724,5.97
EFC,67837097,12.40
AXL,116815021,7.19
FOR,50116657,16.63
NIC,14710401,56.63
CAPL,37989478,21.86
IDT,25464187,32.53
SG,111100806,7.44
CDRE,37463913,22.03
CAL,36249890,22.73
CBD,270871287,3.03
HRT,75960185,10.80
WLKP,35237127,23.11
BBDC,107988016,7.51
CBL,31909449,25.40
PDM,123548092,6.55
AC,21957302,36.77
TMST,43808696,18.40
RPT,86522067,9.29
AMPX,85514377,9.39
ACEL,86616304,9.20
MRC,83996825,9.45
BKD,187201900,4.21
EOCW,76187379,10.30
KREF,69064261,11.36
EXK,189995110,4.09
LC,106570839,7.27
PUMP,114884273,6.74
SMP,21573950,35.70
BHE,35094891,21.92
RWT,113673077,6.76
PRLB,26656359,28.78
GTN,93071602,8.24
NAT,208226158,3.67
THR,33533245,22.71
DAO,125656766,6.06
BCSF,64244463,11.74
HUYA,239406349,3.15
GRNT,133161348,5.64
BRSP,128539519,5.82
AAC,71927676,10.37
BY,37852400,19.58
MYE,36563213,20.17
PERF,118225806,6.20
PGRU,162130531,4.52
TGI,65010676,11.24
ZH,635182609,1.15
RSI,219406627,3.32
AZUL,115584395,6.28
GSL,35490936,20.41
BDN,171726841,4.21
EFXT,123528205,5.85
AMPS,158988987,4.54
NMM,30108650,23.93
EDN,83145349,8.60
LXU,75846072,9.42
PNTM,68933398,10.36
SXC,83662750,8.51
LANV,128589091,5.50
KOP,20809973,33.89
TXO,30750218,22.90
INN,106820941,6.59
CCVI,69000000,10.15
NX,33183126,20.86
CYH,136752964,5.06
ETD,25375827,27.22
STEM,154748879,4.46
SES,349827411,1.97
PDS,13680860,50.26
GNK,42478664,16.17
TSE,34890244,19.68
BANC,58301020,11.76
ARIS,92788618,7.38
CHS,125049724,5.43
AMBC,45287049,14.98
PLOW,22879217,29.64
REVG,59429577,11.36
DLX,43307147,15.53
MPLN,639600000,1.05
DM,320200957,2.09
GHLD,60885949,10.96
NRP,12617597,52.85
UBA,38366935,17.36
PBI,175084656,3.78
BXC,9127345,72.48
BLX,36056831,18.30
BOC,30892740,21.35
WTI,146623608,4.49
HOUS,110255034,5.96
ECC,58255546,11.27
GMRE,69668443,9.38
ASC,40972310,15.89
ALCC,63949902,10.18
UBP,42288687,15.38
ENFN,72990991,8.88
GPRK,57651246,11.24
TWI,62872568,10.28
EGLE,13734868,46.92
UHT,13786970,46.66
DCO,12229524,52.50
VTEX,188911243,3.38
CANO,530383333,1.20
EVC,101754808,6.24
DX,53849233,11.74
BRMK,131612971,4.78
GRC,26232928,23.87
KAMN,28039693,22.17
YSG,556540541,1.11
VTOL,28005896,22.05
EHAB,49658596,12.39
SMR,70121560,8.72
MOV,22121190,27.56
HZO,21853482,27.71
CUBI,31593354,18.96
AVD,29417976,20.36
CINT,134117647,4.42
RERE,228704280,2.57
RMAX,30681342,19.08
TK,98235294,5.95
UVE,30431250,19.20
WBX,172916914,3.37
FPI,54511759,10.63
AMWL,278259615,2.08
DBI,63653084,9.08
ALLG,265842593,2.16
AORT,40889601,14.04
ARLO,89883648,6.36
TRTX,77485753,7.37
CIR,20390698,27.95
TBI,32010722,17.72
MTW,35247481,15.88
CCO,473389831,1.18
YALA,149868280,3.72
CLW,16979548,32.76
MAX,60004338,9.22
LDI,332373494,1.66
MBI,55075226,9.97
MCS,31629265,17.29
BW,88659609,6.14
BFAC,51750476,10.50
VPG,13606015,39.90
TRAQ,51724928,10.47
TNP,29489640,18.34
BZH,31328847,17.09
AGAC,51750242,10.33
CION,55017508,9.71
HSC,79502985,6.70
SD,36855756,14.42
IIIN,19380153,27.41
PFLT,49542910,10.72
FC,13845469,38.18
BH,3112854,169.60
HVT,16227007,32.51
NOA,27828541,18.78
VTS,28524590,18.30
SRI,27548936,18.80
DTC,63553506,8.13
EBS,50373659,10.25
EBF,25836172,19.96
SBOW,22542507,22.82
BVH,17283361,29.75
MYTE,84811258,6.04
SKE,78022866,6.56
AGX,13394082,38.19
AMRX,305431138,1.67
CLDT,48852490,10.44
NPK,7077343,71.37
NSTC,49605911,10.15
CCV,50000000,10.07
SIRE,19799921,25.39
OIS,64127714,7.83
MBAC,50000000,10.03
SMRT,197760000,2.50
REX,17347688,28.33
BV,93588571,5.25
BFLY,203862500,2.40
ACRE,54704162,8.89
ACHR,246736041,1.97
LND,98867076,4.89
LEV,221543779,2.17
OLP,21276567,22.49
TRC,26718254,17.64
VHI,28144053,16.73
ACCO,95014170,4.94
GHG,103050885,4.52
SGU,35680737,13.03
BBAI,142861538,3.25
SRG,55924096,8.30
GATO,69059613,6.71
GCO,12609375,36.48
HCI,8584053,53.30
ALTG,32437322,14.04
ICNC,43124406,10.53
MPX,33923019,13.38
CPAC,85620952,5.25
SB,118878307,3.78
ODV,83653631,5.37
CNDB,43124880,10.41
PSPC,44214990,10.14
MTVC,42671770,10.45
EGY,106677033,4.18
EVTL,218411765,2.04
WSR,49423973,9.01
CPF,27092853,16.37
RONI,43127680,10.26
NFYS,43125122,10.23
TRTL,43125245,10.22
GLOP,51796231,8.49
CRD.A,47917121,9.17
SJT,46609159,9.39
ACRO,43125370,10.13
SMWB,77143110,5.66
OPY,11127142,39.09
DSX,106567568,4.07
IVR,41473634,10.43
SUAC,41780039,10.32
ORC,39175182,10.96
HIPO,23267209,18.45
SST,113533156,3.77
TPVG,35406794,12.07
VCXB,41152872,10.27
COOK,122819767,3.44
CSV,14934206,28.27
XPER,42147887,9.94
CURV,104314214,4.01
MUX,47454030,8.81
CRD.B,50260870,8.28
ONTF,47429875,8.77
LXFR,26917799,15.45
VLD,195103286,2.13
VVI,20724138,19.72
GNE,25996166,15.65
TPB,17600868,23.05
MX,43774264,9.17
CO,133806020,2.99
ASPN,70068421,5.70
DNMR,101937984,3.87
RRAC,37482364,10.49
JUN,37375240,10.42
NGL,131057239,2.97
MBSC,37500000,10.34
MLR,11544774,33.39
NUVB,217806818,1.76
MCB,10986227,34.85
GOGN,35835206,10.68
HOV,5265884,72.40
TTI,128699324,2.96
NRDY,95575377,3.98
PACK,82212121,4.62
SUPV,161012766,2.35
CTO,23012188,16.41
CXAC,35937143,10.50
GBLI,13639797,27.54
NETI,38526860,9.68
GHI,22579842,16.47
BBW,14732800,25.00
DESP,66237410,5.56
ONL,56683230,6.44
SOI,47187824,7.72
ATEK,35210117,10.28
NETC,34467112,10.49
KCGI,34483779,10.48
EVE,34473734,10.47
NFNT,34500000,10.46
BMAC,34500000,10.44
PACI,34500481,10.39
WE,796200000,0.45
BRT,19118907,18.67
LAW,59352745,6.01
PSTL,24431023,14.57
CNDA,35011823,10.15
RYAM,64140768,5.47
SLQT,166913043,2.07
IPI,13132952,26.25
FF,43793893,7.86
MTAL,33143275,10.26
NR,86328244,3.93
TYG,11323915,29.73
MSB,13120125,25.64
PNNT,65225049,5.11
FPH,144751092,2.29
AAN,31830097,10.30
ASA,19289753,16.98
BYN,31380038,10.42
QD,252472868,1.29
NREF,24159970,13.44
TCI,8639305,37.40
BHR,84439474,3.80
NL,49114855,6.53
AFTR,31250244,10.23
CPUH,30755299,10.38
NVTA,259459016,1.22
OOMA,25381950,12.41
USX,52575251,5.98
STET,30187320,10.41
ODC,7172358,43.34
CYD,40511749,7.66
TG,33979167,9.12
INAQ,30000000,10.22
ARL,16147679,18.96
GAQ,29412560,10.35
CORS,29744368,10.21
TGR,28752607,10.55
JMIA,99526316,3.04
WNNR,28749762,10.51
TRIS,28749524,10.50
RCFA,28750238,10.49
SCUA,28749761,10.47
NOTE,133462222,2.25
KNSW,28750480,10.42
QUOT,97517915,3.07
BRD,28752885,10.40
CVEO,15071573,19.84
PORT,28749759,10.39
WEAV,66709172,4.47
LCW,28750242,10.33
HLLY,117642857,2.52
BIG,29057369,10.11
PGSS,28125479,10.44
RNGR,25807590,11.33
HWKZ,28750000,10.16
VEL,32625280,8.94
GNTY,11870012,24.31
RJAC,27812197,10.33
EGGF,28125490,10.20
SAR,11865808,24.07
SOL,67118203,4.23
RBOT,124845815,2.27
KODK,79343662,3.55
TPC,51441989,5.43
LLAP,145432292,1.92
OSG,78747159,3.52
WAVC,26859223,10.30
NC,7502043,36.71
AMPY,38683544,7.11
VLN,102390977,2.66
TWOA,26796644,10.13
SHAP,25945507,10.46
HYLN,180693333,1.50
SCM,19700873,13.74
DOUG,84283489,3.21
JILL,10451324,25.68
EEX,67536709,3.95
PKE,20480799,13.02
SKLZ,422746032,0.63
PHYT,25142722,10.58
GCI,145368132,1.82
HT,41126365,6.41
RM,9624907,26.82
SEDA,24994169,10.29
LOCC,25000000,10.12
FRGE,173232877,1.46
MEC,20092504,12.54
HMA,24058541,10.42
NMG,56383562,4.38
RAAS,164373333,1.50
UTI,33788752,7.29
CIO,39872549,6.12
IRRX,23000000,10.60
NGVC,22735761,10.71
SKIL,163891892,1.48
DSAQ,23000000,10.50
FUBO,209695652,1.15
PINE,15258861,15.80
UIS,67878187,3.53
CCRD,8610488,27.65
BHIL,206869565,1.15
CIAN,69870588,3.40
GPMT,52469027,4.52
VATE,78788591,2.98
FET,10329651,22.63
HSHP,39667241,5.80
MG,29926797,7.65
CLPR,42380334,5.39
APCA,21562085,10.55
OCN,7559920,30.04
BOAC,22586653,10.04
MNTN,21562023,10.48
MLP,19195038,11.69
TLYS,29957105,7.46
OPFI,110000000,2.02
AGS,37731293,5.88
TCOA,21562927,10.25
NRGV,142766234,1.54
SMHI,26827628,8.18
CLBR,21564961,10.16
ZVIA,64816568,3.38
GFOR,21451961,10.20
AEVA,221010101,0.99
SCU,24987429,8.75
KFS,25731910,8.43
BSAQ,21124878,10.25
OCFT,40390892,5.27
HHLA,20469171,10.38
BARK,177672269,1.19
FACT,19868345,10.33
PRPC,19600194,10.33
QUAD,51820513,3.90
CPS,17122625,11.58
BKSY,140092199,1.41
BLND,241802469,0.81
AOMR,24828165,7.74
RDW,64278912,2.94
BBLN,24860526,7.60
GSQB,17969142,10.37
CNF,68077206,2.72
ADCT,80291304,2.30
YRD,85339623,2.12
DHX,48201087,3.68
MIXT,22077307,8.02
FSNB,16975586,10.24
GLT,44875648,3.86
CATO,20376471,8.50
TCS,50703264,3.37
GWH,155009091,1.10
KNOP,33960080,5.01
XYF,48605797,3.45
IH,52144201,3.19
AENZ,79626214,2.06
IFIN,15417686,10.63
SMLP,10174049,16.03
LITB,112165517,1.45
AZRE,65266129,2.48
CANG,135805085,1.18
MKFG,194548780,0.82
FLME,15620316,10.14
NINE,34607456,4.56
AJX,23135693,6.78
OUST,390025000,0.40
VOC,17000000,9.15
BPT,21459198,7.23
ROSS,15005820,10.31
TSQ,17393665,8.84
WEL,14378430,10.57
VLTA,174372093,0.86
SBXC,14500000,10.10
LHC,13937977,10.48
BODY,305659574,0.47
GHM,10672946,13.27
UFI,18062500,7.84
NSTD,13921105,10.14
GHL,18298292,7.61
CTV,136284314,1.02
DOMA,330142857,0.42
HBB,13986735,9.80
SRT,39935673,3.42
SUP,27795082,4.88
CHMI,24829044,5.44
TLGA,12948127,10.41
ARC,43181230,3.09
PIAI,12711557,10.47
NGS,12441948,10.68
FRXB,13224449,9.98
ML,298545455,0.44
OPAD,246547170,0.53
FZT,12693659,10.25
FOA,74706897,1.74
GFX,12833992,10.12
CSTA,12243427,10.27
ENZ,49565737,2.51
RAD,56495455,2.20
NRT,9118855,13.63
CRT,6005800,20.69
ANVS,8117412,14.99
USDP,34042017,3.57
AHT,37384615,3.25
UP,251416667,0.48
MITT,20973776,5.72
TRCA,11594175,10.30
OPA,11594727,10.24
STG,13852556,8.41
SPRU,144375000,0.80
CIA,50056522,2.30
SQNS,48377119,2.36
CPTK,11064453,10.24
EIC,7654422,14.70
BKKT,81311111,1.35
QFTA,10488327,10.28
BGSF,10789790,9.99
BHG,644500000,0.16
LFT,52497436,1.95
SPIR,143814286,0.70
DLNG,36801471,2.72
EARN,13789182,7.21
WHG,9245480,10.51
SRL,14822901,6.55
PHX,36366038,2.65
FXLV,98112245,0.98
LL,29203762,3.19
PVL,33120000,2.75
KORE,75889831,1.18
MRDB,66237037,1.35
RBT,176860000,0.50
GROV,176480000,0.50
OSI,8853266,9.95
AXAC,8424184,10.42
VNCE,12331445,7.06
HRTG,25558209,3.35
ZEPP,62255474,1.37
ACR,8635796,9.61
CZOO,38492958,2.13
ATAQ,7900000,10.20
BNED,52601307,1.53
MDV,7547842,10.66
PRT,12156923,6.50
AXR,5254667,15.00
CURO,40834197,1.93
ORN,32168724,2.43
SONX,50422078,1.54
AAIC,28469697,2.64
SCX,7362018,10.11
EXPR,74548387,0.93
QBTS,111564516,0.62
BEDU,29726087,2.30
FATH,135938776,0.49
CMCM,28991189,2.27
DBD,79875000,0.80
CULP,12312016,5.16
VIAO,22653571,2.80
FTK,88428571,0.70
CCM,43419118,1.36
TUP,44308271,1.33
ELVT,31459893,1.87
SNDA,6922984,8.31
NTZ,11015385,5.20
AKA,129386364,0.44
ATIP,210074074,0.27
BEST,19649306,2.88
HLGN,200178571,0.28
AP,19403509,2.85
CGA,13313283,3.99
SI,31559006,1.61
WMC,6045292,8.39
BRDS,331666667,0.15
RFL,24309278,1.94
LOCL,102555556,0.45
RGS,44233010,1.03
GETR,92468085,0.47
NM,22887097,1.86
APRN,70466667,0.60
NLS,32076336,1.31
SUNL,133806452,0.31
OWLT,114638889,0.36
ICD,13548822,2.97
AIU,38310680,1.03
VNTR,108416667,0.36
VHC,71094340,0.53
MTR,1863682,19.88
ZEV,112781250,0.32
RENN,25604478,1.34
JT,21186207,1.45
BTCM,10750877,2.85
COE,5662857,5.25
UPH,16810651,1.69
ATTO,14497409,1.93
IRNT,103444444,0.27
NYC,2303557,12.09
GEHI,1403518,19.33
SOS,6230233,4.30
FENG,12133028,2.18
DMS,38779412,0.68
KUKE,29551724,0.87
TISI,4357268,5.71
KLR,13052910,1.89
VAPO,46433962,0.53
MOGU,8313653,2.71
BQ,15285714,1.47
FEDU,2123671,10.35
AUD,146066667,0.15
EQS,13520000,1.50
SQZ,30875000,0.64
CORR,16044643,1.12
XIN,5431250,3.20
LEJU,13716814,1.13
SHPW,49290323,0.31
LCI,10695652,0.69